{"cameraMode":{"drawMode":0,"name":"Shaded","section":"Shading Mode"},"sceneLighting":true,"audioPlay":false,"sceneViewState":{"m_AlwaysRefresh":false,"showFog":true,"showSkybox":true,"showFlares":true,"showImageEffects":true,"showParticleSystems":true,"showVisualEffectGraphs":true,"m_FxEnabled":true},"in2DMode":false,"pivot":{"x":-2.2718193531036379,"y":-0.6329517364501953,"z":-9.672510147094727},"rotation":{"x":0.031957291066646579,"y":-0.6831704378128052,"z":0.02994813211262226,"w":0.7289271950721741},"size":4.548659324645996,"orthographic":false}